CustomerID,FirstName,LastName,Email,Phone,JoinDate,CollegeStudent
1,Megan,Gonzalez,gmoss@long.com,7302015715,2025-01-11,No
2,Danielle,Kramer,ginafitzgerald@gmail.com,588.660.8794x0267,2023-06-10,Yes
3,Stephanie,Bradley,todd02@gmail.com,001-119-705-0877x692,2023-05-26,Yes
4,Richard,Macias,iwilliams@hotmail.com,001-895-109-3603x518,2023-03-19,No
5,John,Bass,oliverhoward@gmail.com,(475)690-9304x9386,2023-07-22,No
6,Brittany,Hammond,gcontreras@jimenez-ruiz.com,102-749-5371,2024-03-10,Yes
7,Daniel,Fuentes,gguerrero@brown-mason.com,345-600-9354x16656,2023-11-28,No
8,Kim,Frye,moorescott@yahoo.com,(003)782-2767x45654,2024-06-30,No
9,Jesse,Chen,barnettcharles@patrick-smith.com,458.066.1343x74509,2023-07-01,No
10,Joshua,Campbell,teresagarza@hotmail.com,795.020.0775,2025-05-15,No
11,Debra,Pratt,carrollchristopher@quinn-brown.com,001-662-540-0725x54620,2025-01-22,No
12,Meghan,Massey,acampbell@hotmail.com,+1-667-541-3611x430,2023-07-09,Yes
13,Mark,Williams,isabella03@gmail.com,489-462-6761x19449,2024-01-19,No
14,David,Reyes,ronaldbrown@nelson-mcgee.com,212-042-6515x16440,2025-06-07,No
15,Tammy,Owens,morganjulie@gmail.com,001-631-405-1705,2024-05-15,Yes
16,Courtney,Holmes,ariana12@yahoo.com,(941)271-6952,2023-03-18,Yes
17,Derrick,Lopez,scarter@hotmail.com,8273415019,2024-06-08,Yes
18,Alicia,Gonzalez,clarsen@gmail.com,+1-803-076-3350x9332,2023-04-21,No
19,Amanda,Carter,brandi58@gmail.com,944-253-0688x25600,2024-11-05,No
20,Joseph,Massey,juliajohnson@yahoo.com,(268)182-5793,2025-04-16,Yes
21,Carmen,Martinez,davidsharp@osborne.com,+1-641-437-5863x902,2023-04-15,Yes
22,Abigail,Heath,odavis@hotmail.com,001-033-674-9671x34266,2023-07-16,No
23,Justin,Young,dean55@lynch.com,175-257-9790x10503,2024-05-02,Yes
24,Sarah,Carlson,leeann@parker.org,+1-794-650-2441x40525,2023-02-01,Yes
25,Victor,Alexander,christopherboone@russell-smith.com,112.003.6725,2023-06-22,Yes
26,Teresa,Moore,ronald67@bates.com,545-152-9905,2025-06-18,No
27,Jennifer,Fisher,lopezelaine@gmail.com,(481)970-4600,2023-09-14,No
28,Carmen,Cameron,michael83@yahoo.com,826.122.9275,2023-03-24,No
29,David,Jenkins,matthew14@christensen-perkins.com,(548)023-5042,2023-08-20,No
30,Gregory,Henderson,melendezrobert@smith-nguyen.org,342.357.8286,2024-12-30,Yes
31,James,Wells,ericksontamara@yahoo.com,001-647-790-6061,2023-09-23,No
32,Adam,Martinez,kimberly78@taylor-velasquez.com,6386939333,2025-01-19,Yes
33,Robert,Snyder,jennifer29@gmail.com,+1-967-871-2833,2025-03-20,Yes
34,Tara,Barron,jeffrey51@hotmail.com,001-853-693-7257x9072,2024-06-06,No
35,Craig,Goodman,sholmes@wheeler.com,+1-642-437-6496x21117,2024-01-15,Yes
36,Jillian,Smith,nhicks@daniels.biz,+1-786-845-2783x489,2023-02-17,Yes
37,Herbert,Kelly,dixonkari@yahoo.com,+1-364-547-6774x14474,2023-10-19,Yes
38,Sherri,Randolph,sanchezjennifer@cooley.org,(276)700-8634x6451,2023-11-22,No
39,Alisha,Thomas,ndavidson@powell.org,190.996.1610x926,2024-04-04,No
40,Bryan,Moreno,evanswilliam@koch.com,623.469.5262,2024-11-15,Yes
41,Alice,Rivera,caitlin05@hotmail.com,+1-346-846-7829x896,2025-06-25,Yes
42,Robert,Kelly,traceyanderson@gmail.com,001-937-093-8713x0218,2023-01-21,Yes
43,Chad,Klein,madisonhansen@yahoo.com,319-887-8700,2024-12-14,No
44,Matthew,Baker,carlastephens@flynn.net,001-881-090-9921x88134,2025-03-02,No
45,Sarah,Roberts,dariuspittman@hotmail.com,(691)999-8844x127,2023-06-19,No
46,Chelsea,Morgan,csmith@gmail.com,4082357299,2023-11-29,Yes
47,Eric,Johnson,foxashley@hotmail.com,013-496-4853x2586,2024-10-30,Yes
48,Nicholas,Brown,johnsonashley@smith.org,712.410.6602,2023-07-10,No
49,Christopher,Barron,chale@murphy.com,851.259.7664x4991,2025-05-05,No
50,Amanda,Johns,donaldhammond@gmail.com,969.912.4864x32224,2025-03-16,Yes
51,Stephanie,Mccoy,morenoedward@foster-sanchez.com,2946391671,2025-01-29,Yes
52,Krystal,Baxter,patricia13@yahoo.com,6681939532,2025-04-27,No
53,Scott,Swanson,gonzalezbeverly@yahoo.com,9342440032,2024-08-21,Yes
54,James,Nguyen,terrencegillespie@mayo.com,900-292-9610x2357,2024-07-20,No
55,Christine,Tran,martinezpaige@burnett.com,102-509-5777x7446,2023-06-30,Yes
56,Thomas,Bishop,hwatts@hotmail.com,268-371-2078x528,2024-03-01,Yes
57,Joshua,Cochran,mike27@gmail.com,301-548-4322,2023-03-07,No
58,Sean,Williams,qwilcox@reed.biz,+1-556-259-9357x0626,2023-06-23,No
59,Benjamin,Huerta,leslieperez@hotmail.com,032-254-9276,2024-07-31,Yes
60,Amber,Williamson,jacquelinebeltran@hotmail.com,998-361-1075,2024-03-16,No
61,Andrew,Brown,ashleybutler@hotmail.com,+1-516-303-5432x20752,2024-06-27,Yes
62,Alicia,Reynolds,gbell@vasquez.com,082-242-7612x33036,2025-03-28,Yes
63,Jane,Henson,noah47@williams-salazar.com,001-107-573-8858x9093,2024-01-25,No
64,Aaron,Wolfe,vobrien@yahoo.com,223.648.5186,2023-07-09,No
65,Regina,Williams,danielle42@moore.com,822-878-0147x68661,2025-06-03,No
66,Melissa,Villanueva,heather17@hotmail.com,+1-383-976-4661x80039,2024-02-08,Yes
67,Julia,Kelley,yjones@yahoo.com,001-370-085-5559x5030,2023-04-09,No
68,Mary,Nelson,jennyherrera@strickland-schroeder.com,(310)875-1507,2023-07-11,Yes
69,Jon,Hughes,caitlinmckinney@gmail.com,898-506-5906,2023-06-20,Yes
70,Brandon,Sparks,ellisondonna@hotmail.com,1954465403,2024-06-29,No
71,Jason,Thompson,jason91@yahoo.com,001-979-524-5853x9815,2024-11-05,No
72,Katherine,Stephens,tstein@yahoo.com,4085062953,2024-09-14,No
73,Jessica,Edwards,jmcintosh@phillips-castro.org,7764021494,2025-02-27,Yes
74,Amanda,Soto,daniel04@hotmail.com,865-096-3422x120,2024-07-19,Yes
75,David,Baker,alopez@walker-ortega.com,(835)065-9247x4395,2023-08-16,No
76,Jeffrey,Miles,odavila@vaughn.com,+1-663-313-6363x86340,2023-03-12,No
77,Joyce,Hernandez,andrewdavis@yahoo.com,001-487-223-7158x465,2023-10-26,No
78,Stacy,Hartman,starkcheryl@gmail.com,(427)470-1750x74644,2024-02-19,Yes
79,Robert,Thornton,ngeorge@austin.com,+1-269-676-7223,2023-08-21,No
80,Melanie,Berry,georgeanderson@white.info,(272)176-3603x36096,2024-05-30,No
81,Omar,Morgan,james00@yahoo.com,001-121-175-5104x6181,2024-03-29,Yes
82,Daniel,Jones,hburke@watson-jones.com,+1-758-376-1890x710,2024-01-20,Yes
83,Rhonda,Anderson,ogarrett@hotmail.com,(894)359-8528,2024-11-20,No
84,Thomas,York,pvaughn@gmail.com,+1-381-798-6613,2023-06-30,Yes
85,Beth,Sullivan,russellhector@novak.com,258-445-5489,2023-06-06,Yes
86,Lisa,Baker,ohowe@russo.info,001-878-246-8887x9847,2023-11-14,No
87,James,Rodriguez,debbiemoore@stanley-reyes.com,455.165.8421,2025-01-06,Yes
88,Patrick,Nguyen,whitesandra@gmail.com,257.329.2634x49132,2025-06-01,Yes
89,Sarah,Torres,katelynlang@gmail.com,5959909329,2025-04-01,No
90,Joseph,Davila,heidijohnson@wilson.com,1815525557,2023-06-12,No
91,Douglas,Pierce,brownamber@mcdonald-jones.org,159-840-9538x04774,2024-01-15,Yes
92,Carmen,Garcia,dianecole@mason-harris.info,+1-864-407-9084x238,2023-03-10,Yes
93,Michael,Rosales,calebjimenez@werner.com,737-779-0389x840,2023-11-10,No
94,Michael,Rollins,howellsierra@yahoo.com,(976)840-6256x6203,2024-05-10,No
95,Tiffany,Mullins,todonnell@campbell-lopez.com,(068)841-6614x536,2024-11-27,Yes
96,Colleen,Haynes,wardchristine@yahoo.com,(132)356-8120x72015,2023-09-22,Yes
97,Mario,Stewart,jordan66@hotmail.com,828-660-9928x7172,2023-10-30,Yes
98,John,Kelley,gcombs@hotmail.com,(793)257-0227x445,2024-03-22,Yes
99,Nichole,Mccoy,markrodriguez@gmail.com,387-232-7164,2023-09-12,Yes
100,Matthew,Bradshaw,fward@gmail.com,(426)784-8306x8382,2024-06-21,Yes
101,Amanda,Stephens,david54@hotmail.com,703.870.9638,2024-08-18,Yes
102,William,Wright,amber83@garcia.com,+1-064-645-3584x972,2024-09-10,Yes
103,Anthony,Cohen,vduffy@gmail.com,(170)912-7919,2023-07-18,Yes
104,John,Gilmore,skinnerkyle@jacobs.biz,346-849-3880,2023-01-23,No
105,William,Mcdonald,dgarcia@hotmail.com,906.348.4852,2023-08-18,No
106,Jeffrey,Mckee,kelsey10@cook.info,001-413-565-2633x42506,2023-06-13,Yes
107,Michael,Collins,seanmoyer@nichols.org,+1-878-739-5847x33840,2023-07-12,No
108,Michael,Franklin,charlesharper@yahoo.com,619.658.8941,2024-02-07,No
109,Melanie,Donaldson,youngsteven@hotmail.com,(243)806-0425,2024-05-21,No
110,Ashley,Cook,edward41@edwards.com,+1-224-496-5354x30871,2024-02-09,No
111,Ann,Compton,nsmith@yahoo.com,+1-379-346-2733x201,2023-10-21,No
112,Leslie,Curry,tatebryan@gmail.com,452-728-1058x176,2023-06-14,No
113,Brenda,Richards,tiffany14@gmail.com,292.398.9344x6250,2023-10-06,Yes
114,Gregory,French,dmcintyre@gmail.com,1444714369,2023-05-17,Yes
115,Ryan,Farmer,robertporter@yahoo.com,060.366.7679,2024-05-19,Yes
116,Jennifer,Ramirez,nhardy@gmail.com,+1-890-291-8527x64573,2023-09-07,Yes
117,Robert,Murphy,ericasmith@sandoval.net,280-950-4485x54225,2023-04-06,Yes
118,Brian,Long,daniel83@davis.com,001-290-583-6380,2025-03-31,Yes
119,Mark,Taylor,ramirezstacy@taylor-bailey.com,(273)293-0863,2025-03-25,Yes
120,Lydia,Vargas,garciapatrick@gmail.com,727.065.5334x1607,2024-03-02,No
121,Lacey,Jackson,alexanderhunter@hotmail.com,001-779-307-0183x50397,2024-08-11,Yes
122,Denise,Morris,lisaray@roberts-diaz.net,653-282-6912x99037,2023-11-12,No
123,Michael,Hernandez,markkennedy@yahoo.com,(782)191-5496x611,2023-10-28,No
124,Nathaniel,Miller,ronnie46@gmail.com,001-025-114-1295x972,2023-02-16,Yes
125,Brandon,Bernard,fsanchez@kidd-pruitt.com,099-443-5961,2025-05-19,Yes
126,David,Williams,wmartin@cruz-daugherty.com,+1-913-198-6198,2024-06-28,Yes
127,William,Ward,melissareed@yahoo.com,(260)260-5253,2024-12-03,No
128,Blake,Hayes,heatherbrewer@roth.com,001-887-290-6154,2024-12-04,No
129,Ryan,Myers,rodriguezjennifer@giles.net,(753)372-9702,2024-06-30,Yes
130,Joel,Howard,johnsonadam@gmail.com,+1-422-466-2361x497,2025-02-15,No
131,Christina,Weber,gonzalesjeffrey@colon.net,(821)361-4748,2025-05-30,Yes
132,Ryan,Valencia,timothy08@hensley.biz,+1-407-157-3931x18268,2024-09-22,Yes
133,Jeremy,Ramos,jasminecampbell@hotmail.com,736.528.2563,2024-03-15,Yes
134,Christina,Flores,veronica19@gmail.com,9684116256,2023-11-09,No
135,Pamela,Hudson,cooperashley@yahoo.com,526-101-9358,2024-04-26,Yes
136,Kathleen,Stevens,leachmartin@chaney.info,551.899.3816x98911,2025-02-19,No
137,Colleen,Riddle,heather25@yahoo.com,+1-170-008-1152,2023-03-24,Yes
138,Isaac,Davis,fgrant@montes.com,424.886.8376,2023-03-23,Yes
139,Glenn,King,ashleyatkinson@hotmail.com,4512865896,2023-10-18,No
140,Christina,Wood,dsmith@yahoo.com,001-732-222-7366,2024-04-30,Yes
141,Judith,Barr,lukeharmon@johnson-bautista.com,873.041.8392x8664,2025-01-31,No
142,Bobby,Brown,tammy33@taylor.biz,+1-397-428-6961x93084,2023-02-01,No
143,Alec,Gutierrez,johnyork@hotmail.com,001-682-331-7569,2025-04-17,No
144,Daniel,Perez,pmckenzie@yahoo.com,(048)254-0073,2025-06-19,Yes
145,Douglas,Pierce,alyssa09@white-walker.com,(512)425-3920x21881,2024-05-29,Yes
146,Lauren,Mccormick,susanbell@gmail.com,(010)577-9533x9230,2024-05-21,No
147,Christine,Gibbs,gamblecalvin@hotmail.com,165.757.2486x681,2023-03-03,No
148,Michelle,Mcneil,hwoods@gmail.com,001-516-949-2275x7299,2023-05-12,Yes
149,Gregory,Lowe,timothy53@hotmail.com,001-406-373-4406,2024-04-14,Yes
150,Kaitlyn,Martinez,ndaniel@ross.com,001-928-265-2949x939,2024-03-15,Yes
151,Mark,Hickman,sarah32@hotmail.com,(650)025-7125x6948,2024-04-14,No
152,Spencer,Jones,bobby93@coleman.com,+1-899-900-7953x25744,2024-07-10,Yes
153,Kristen,Garrison,fvega@yahoo.com,001-530-902-3954x5242,2023-11-05,Yes
154,Ryan,Williams,glennsamantha@frederick-simpson.org,931-006-8001,2024-08-22,No
155,Andrew,Jones,brianna83@hotmail.com,001-715-864-9763x76621,2025-01-24,No
156,Michael,Flynn,clarence00@yahoo.com,393-359-0854,2024-12-30,Yes
157,Laura,Ochoa,clong@barnes.com,585-102-2777x431,2024-08-19,Yes
158,Christine,Butler,joshua94@hotmail.com,001-228-023-7176,2024-04-30,No
159,Sandra,Aguirre,markgonzalez@alvarez.biz,001-495-143-7145x81940,2025-04-18,Yes
160,Tina,Mckinney,gmurray@francis-pruitt.com,(811)200-5520x372,2024-02-02,Yes
161,James,Fuller,mpearson@turner.com,(026)850-4941,2024-06-10,Yes
162,Roberta,Bennett,jonathan74@yahoo.com,(005)229-0130x57698,2023-02-28,No
163,Terry,Castillo,sarah45@yahoo.com,708-210-1539x55291,2024-01-30,Yes
164,Jerry,Banks,kyle48@horton.org,586.083.8289x93419,2023-11-24,Yes
165,Gregory,Sutton,christine48@yahoo.com,(973)868-8853,2024-09-22,Yes
166,Jessica,Brown,mfoster@bruce.com,(770)021-8560x87231,2025-01-16,No
167,Gregory,Sullivan,alexander96@mason-simpson.com,593-005-7764,2024-04-26,No
168,Emily,English,njohnson@gmail.com,665-184-5540,2024-10-01,Yes
169,Alison,Ray,harrisonnathan@hotmail.com,6977380420,2024-02-24,No
170,Elizabeth,Miles,hsantos@hotmail.com,7575997861,2023-06-25,Yes
171,Scott,Hunt,thomas73@hotmail.com,539.508.9340x2000,2024-12-18,Yes
172,Jacob,Smith,dmckinney@yahoo.com,+1-074-251-1548x6134,2023-08-06,Yes
173,Brandon,Coleman,pgomez@yahoo.com,570.666.9862x653,2023-09-19,No
174,Nicole,Pollard,sarah52@yahoo.com,078.183.7110x12823,2023-04-30,No
175,Jerry,Gregory,taramarshall@franklin.info,461-405-3825x257,2023-04-02,Yes
176,Jon,Mitchell,angeladavis@nunez.com,016.830.7705,2023-09-18,No
177,Ashley,Barnes,tina08@diaz.com,(490)774-2732x13787,2024-11-08,Yes
178,Steven,Valencia,lhoward@hotmail.com,001-551-369-2678,2025-03-12,No
179,Raymond,Hayes,joann04@mercado.org,287.394.4984x534,2024-01-09,No
180,Connie,Barnett,jacksondeborah@mendoza.com,+1-371-307-5012x06546,2024-06-27,No
181,Madison,Nelson,annakelly@mcclure.info,(868)341-0441x1572,2025-03-16,Yes
182,John,Garcia,zharris@yahoo.com,979-411-6995,2025-05-12,Yes
183,Albert,Moore,michaellowe@gmail.com,8150765734,2024-10-28,No
184,Chad,Allen,victoria08@yahoo.com,159.309.0979x48127,2023-04-18,No
185,Victoria,Bonilla,allisonsimpson@yahoo.com,129-147-0679x51094,2024-10-05,No
186,Robert,Martinez,paulaproctor@hotmail.com,(913)567-4141,2024-07-03,Yes
187,Jane,Ramirez,cannonlaura@evans.com,9021559398,2024-08-07,Yes
188,Mary,Bowman,imorris@wood.info,038-037-3395x1900,2024-12-13,No
189,John,Brown,justin61@hotmail.com,584-678-4853,2024-03-23,No
190,Kara,Beard,brittany65@yahoo.com,021.280.5742x2609,2023-04-07,Yes
191,Christine,Cruz,jeffery62@gmail.com,349.837.3804,2023-04-30,No
192,Thomas,Smith,espinozaamanda@yahoo.com,800-756-8342x169,2025-02-09,No
193,Brenda,Obrien,jessicarobinson@evans-garcia.com,+1-155-173-7702x78502,2024-11-07,Yes
194,Julia,Martin,andersonmiguel@dunn.com,(366)370-2237,2024-03-12,Yes
195,Darren,Gonzalez,dannysmith@hotmail.com,001-325-175-7835x783,2024-03-20,No
196,Jeremy,Silva,sherribrown@hayes.info,6459543680,2025-04-10,No
197,Lauren,Murphy,cindy72@greene.com,001-067-781-3101x6063,2025-05-07,Yes
198,Thomas,Gonzalez,icunningham@randolph.com,107-412-2588x47612,2023-04-07,No
199,Garrett,Berry,laura75@gmail.com,6350139761,2024-11-26,No
200,Shawn,Best,smithwilliam@ward.biz,4713807851,2023-08-20,Yes
201,Robert,Roman,whanson@gmail.com,(404)755-9790x1403,2024-02-19,Yes
202,Linda,Owens,davidstark@ferguson.biz,(369)384-5564,2024-07-12,Yes
203,Debra,Reed,tmiller@hotmail.com,364-425-8683,2024-03-21,No
204,Sylvia,Johnson,higginstony@thornton.org,239.644.7069,2024-02-13,Yes
205,Christopher,Jones,kaylamyers@hotmail.com,664.486.2158x54857,2025-03-19,No
206,Emily,Berger,csummers@yahoo.com,001-615-893-9149x1409,2025-01-27,Yes
207,Marissa,Jackson,robertellis@hotmail.com,+1-820-723-0855x57397,2025-05-12,No
208,Charles,Ho,vmiranda@yahoo.com,629.328.0824x708,2024-06-04,Yes
209,Ashley,Martinez,kfoster@flores-bray.biz,+1-729-590-5480x920,2023-11-25,Yes
210,Lisa,Moore,xfarrell@moore.com,+1-440-831-9347,2025-01-15,No
211,Jeffery,Johnston,maynardnatasha@hotmail.com,741-336-1173x19670,2024-01-25,No
212,Scott,Smith,harperjoseph@yahoo.com,786.748.3496x79348,2024-02-11,Yes
213,Jonathan,Cain,simsjennifer@lopez.com,001-046-708-9341,2023-10-12,No
214,David,Mccarthy,santosmelissa@yahoo.com,567-578-6679x12362,2025-03-01,Yes
215,Christopher,Barnes,janice44@hotmail.com,447.581.4860x5511,2024-01-01,No
216,Scott,Chase,harrygardner@odonnell.org,201-187-4009,2024-08-15,No
217,Renee,Clark,khenry@yahoo.com,+1-830-575-9599x4374,2023-02-25,Yes
218,Jason,Thomas,athompson@yahoo.com,(510)170-6216x4879,2023-08-28,No
219,Jasmin,Medina,reevesbrandon@yahoo.com,6573399437,2024-12-18,No
220,Jose,Nelson,tinadunn@ewing-wyatt.com,358.605.0702x56916,2024-10-18,Yes
221,Perry,Wolf,natalie39@jones-brandt.net,(481)696-0807,2025-06-18,Yes
222,Amber,Martinez,april96@robinson.org,672-574-4139,2025-05-03,No
223,Miguel,King,jay18@gmail.com,(421)618-5125,2024-11-04,Yes
224,Dillon,Reed,fparker@yahoo.com,553-650-5008x61678,2024-03-18,Yes
225,Wendy,Munoz,bruce12@hotmail.com,540-413-7852,2025-03-19,Yes
226,John,Logan,mcfarlandrobert@hotmail.com,001-071-482-2013x1535,2024-10-15,No
227,Charles,Peterson,pbecker@hotmail.com,+1-295-549-0459x07495,2024-10-19,Yes
228,Rhonda,Kaufman,kmyers@gmail.com,(416)921-1331,2023-02-03,No
229,Leon,Fields,patrick77@berry.com,001-835-507-8776x745,2024-07-01,No
230,Todd,Briggs,jeannemendoza@hernandez-adams.net,+1-271-837-3716,2025-02-09,Yes
231,Vanessa,Harris,jthompson@hotmail.com,519-775-8742x380,2025-04-25,No
232,Bridget,Peterson,jfuentes@rodriguez.com,432-080-8177x7161,2025-02-26,Yes
233,Kristin,Hamilton,chernandez@hamilton-gaines.com,843-827-9256x395,2023-07-31,Yes
234,Thomas,Stanton,uwade@yahoo.com,001-846-996-8145,2025-04-01,Yes
235,Michael,Cunningham,sstokes@gardner-villarreal.com,171.978.8012,2025-02-09,No
236,Abigail,Medina,bowersmatthew@moody.info,(524)075-0423,2024-02-03,Yes
237,Beth,Smith,kho@lindsey-chavez.info,800.794.5524x162,2024-10-31,Yes
238,Cynthia,Hernandez,mackenzie62@hotmail.com,(278)212-3407x4545,2023-11-11,Yes
239,Anne,Anderson,crystalmontgomery@walker-ross.com,+1-385-487-5396,2024-10-18,Yes
240,Maurice,Doyle,isaiah16@robbins.com,(873)137-0827,2024-05-18,No
241,April,Mays,joshuariggs@reid-oneal.com,+1-512-513-6242x566,2025-03-01,Yes
242,Martha,Lee,barneslogan@gmail.com,001-852-699-0419x8199,2023-05-10,No
243,Susan,Williams,shaynes@gmail.com,499-913-5172,2023-06-04,No
244,Christopher,Parks,brian27@yahoo.com,899-951-6319,2024-10-18,Yes
245,Nicole,Velazquez,john00@hotmail.com,(990)576-2030x57645,2024-03-24,Yes
246,Matthew,Anderson,acurtis@miller.com,413.082.5268x93046,2023-11-08,Yes
247,Virginia,Nguyen,rhensley@yahoo.com,816-302-1390,2025-03-18,No
248,Stephen,Buck,jeffsuarez@haley-dean.com,(769)324-7656x489,2023-08-07,No
249,Robert,Patterson,rstewart@yahoo.com,407.511.5975,2023-10-04,Yes
250,James,Boyd,gstone@hotmail.com,+1-131-076-2805,2024-10-30,Yes
251,Joshua,Lewis,carolynmoran@rodriguez-williams.com,315-943-7915x133,2023-11-25,Yes
252,William,Thomas,hwright@yahoo.com,045.221.9072x84869,2025-03-29,No
253,Jeanne,Tanner,anita83@warren.com,830-708-9926x8195,2024-04-10,No
254,Dustin,Vega,palmermelissa@gmail.com,016.958.3716x80659,2024-03-09,No
255,Kyle,Zamora,millersamuel@hotmail.com,020-037-2400x173,2024-04-23,No
256,Stacey,Smith,rparker@carr.com,(264)832-8120,2023-12-05,No
257,Jessica,Gates,hardyashley@baker-brown.biz,+1-959-985-7012x0481,2024-07-19,Yes
258,Brett,Nichols,caintimothy@yahoo.com,743-299-2797,2025-03-17,Yes
259,Kathryn,Crane,imarsh@gmail.com,963-332-1337x77569,2025-02-19,No
260,Shane,Wright,bryanterin@gmail.com,633.425.4751,2025-01-30,No
261,Jeff,Cummings,cclark@hotmail.com,3588213747,2025-02-05,No
262,Elizabeth,Sanders,hcollins@hotmail.com,7554651455,2025-06-10,No
263,Timothy,Webster,deckerjennifer@gmail.com,+1-827-924-6078x22760,2023-04-28,Yes
264,Bailey,White,teresastone@hotmail.com,+1-277-374-9058,2025-03-21,No
265,Alvin,Holloway,tonyaponce@mcgee-wells.com,993.635.0402,2024-04-18,No
266,Jennifer,Williams,estradajonathan@williams.info,716.296.0230x979,2024-10-08,Yes
267,Robert,Murphy,terri25@gmail.com,230-239-2803x12857,2024-09-05,Yes
268,Eric,Morales,qharris@gmail.com,001-756-843-8263x243,2024-07-18,No
269,David,Brown,amanda07@stevens-roy.com,001-740-737-8817x1557,2024-12-20,No
270,Allison,Martinez,bettybutler@martinez.biz,652-081-2037x8909,2023-05-23,Yes
271,Gary,Hayes,htorres@perez.com,001-881-210-6181x4397,2023-08-04,No
272,Roger,Stone,marc87@gmail.com,(731)340-7064x491,2023-10-04,No
273,Travis,House,rebeccaperkins@riggs.com,659.195.5533x06052,2024-12-04,Yes
274,Angel,Jones,snyderronald@gmail.com,+1-765-292-8977,2025-05-07,No
275,Robert,Pierce,sgeorge@yahoo.com,332.794.5868,2024-12-31,No
276,Elizabeth,Nguyen,alicia81@jackson.org,504-065-0287x42989,2025-02-12,No
277,Michelle,Stanley,knightthomas@hotmail.com,204.756.7450,2024-05-15,No
278,Heather,Ramos,wdominguez@yahoo.com,7956391250,2024-12-24,No
279,Darren,Harris,vanessagreene@smith.net,(221)781-0454,2023-03-31,Yes
280,Jennifer,Murray,erinmoreno@cunningham.com,715-129-7181,2024-11-16,No
281,Erica,Randall,oromero@hotmail.com,627.736.7670x2087,2024-11-05,No
282,Dale,Burns,brettmorgan@gmail.com,898-806-5381,2024-08-07,No
283,Danielle,Allen,nicholaswhitehead@phelps.com,001-736-432-1202x7351,2023-05-07,No
284,Sherry,Dixon,fitzpatrickjill@hotmail.com,4442042480,2023-10-20,Yes
285,Jason,Avila,toddbass@johnson.com,(379)399-8211,2023-09-19,No
286,Tammy,Jimenez,andrewpope@gmail.com,525.403.5313x19970,2023-04-26,Yes
287,Yvette,Smith,lsanchez@yahoo.com,(277)941-7288x13588,2025-04-20,Yes
288,Kelly,Nguyen,johnsonmatthew@moore.biz,001-447-114-6201x4625,2023-10-14,No
289,Vickie,Strickland,donnafarmer@sutton.com,169-247-4856,2025-05-17,Yes
290,Nicole,York,josephsmith@warren-smith.com,001-869-592-0156x24228,2024-06-18,No
291,Ashley,Jensen,heatherbeck@yahoo.com,(864)229-6399x247,2024-11-19,No
292,Douglas,Hendricks,roberttucker@martin.com,(303)788-8108,2023-11-19,No
293,Wesley,Wong,enelson@hotmail.com,+1-828-159-2606x7812,2023-03-22,Yes
294,Elizabeth,Marsh,shaynes@miller-hopkins.biz,927-366-1809,2023-04-04,No
295,James,Watson,william42@craig.com,187-581-5603x0085,2025-04-16,Yes
296,Benjamin,Yates,ssmith@yahoo.com,524.551.6810x32698,2025-01-04,No
297,Cynthia,Blair,peteranderson@graham.com,001-282-596-3190x067,2025-02-18,Yes
298,Shannon,Garrett,dillonisabel@yahoo.com,158-423-5123x475,2023-09-19,No
299,Jessica,Phillips,arobinson@riggs.info,001-124-782-5401x6178,2023-01-17,Yes
300,James,Mcdaniel,tsmith@yahoo.com,231.299.1944x074,2025-02-11,No
